id;name;role;contact_number;email
1;over asset;outrun noteworthy like;red unimpressively calmly;America.Nienow55@yahoo.com
2;without;mallard stint boo;whereas fog;Mitchel.Bayer@yahoo.com
3;like cuddly out;yum;off;Easton.Kub85@gmail.com
4;or;pfft;intensely rue;Price.Yost47@yahoo.com
5;gracefully;wherever;shore unless;Werner79@yahoo.com
6;sprinkles doubtfully tall;phooey inside whether;instead through outstanding;Vidal99@hotmail.com
7;by;account soon;summarise;Alvis6@yahoo.com
8;vice nervously;into glittering;table hollow vivacious;Reymundo_Krajcik-Bergnaum@gmail.com
9;bookcase triumphantly jaunty;gazebo boohoo;extroverted;Dessie.Doyle@yahoo.com
10;hm sweetly cultivated;heartbeat pilot ha;behind gee yummy;Percival33@hotmail.com
