id;journal_date;reference;description
1;2025-10-08T09:19:29;delicious carelessly;fictionalize while meh
2;2025-10-08T11:53:24;on;what however huzzah
3;2025-10-09T01:09:37;fooey phooey casket;thoughtfully
4;2025-10-08T21:44:04;phew independence;who phooey cautious
5;2025-10-08T14:51:58;rebel victoriously lashes;tightly generally
6;2025-10-08T16:05:06;although slip;ribbon yippee unsung
7;2025-10-09T04:12:54;video before yahoo;key gripper
8;2025-10-08T20:32:10;between;velocity whenever
9;2025-10-09T03:07:23;emerge defensive yippee;supposing
10;2025-10-08T11:02:16;between cheerfully;giggle mmm doing
