id;name;contact_number;email;address
1;furthermore;satisfy unit chainstay;Damion_Schulist@gmail.com;for ouch gracefully
2;liberalize;accidentally wearily;Chanelle.Krajcik@gmail.com;premium
3;phooey sad;loosely fort yesterday;Donna_Ryan20@hotmail.com;whenever vice
4;stump;lest;Cristina76@hotmail.com;hoot calmly fathom
5;very finally beyond;alongside quick;Carey.Kutch@hotmail.com;transplant
6;inside;astride surprise wry;Ricky.Rath87@yahoo.com;since gentle
7;impassioned remark;government although;Dock.Wolf47@yahoo.com;prance gadzooks
8;attest where narrow;submitter nicely;Carmela35@gmail.com;though psst wolf
9;distant even;for;Princess.Parker38@gmail.com;by aw ultimate
10;afore;voluntarily waterlogged;Marlen.Watsica@yahoo.com;besides a
